cotovelo_direito,cotovelo_esquerdo,ombro_direito,ombro_esquerdo,cintura_direita,cintura_esquerda,joelho_direito,joelho_esquerdo,braco_direito,braco_esquerdo,figure,image_name
177,175,140,148,165,179,152,179,0.5073529411764706,0.5503355704697986,lib,lib_1.jpeg
123,125,169,65,139,154,151,166,0.39603960396039606,0.37755102040816324,arabesque,arabesque_1.jpeg
179,115,114,169,172,165,179,163,0.5148936170212766,0.41237113402061853,bow,bow_1.jpeg
151,164,136,163,148,176,168,176,0.4387755102040816,0.5510204081632653,heel,heel_1.jpeg
177,177,108,179,77,156,47,174,0.5168350168350169,0.5295081967213114,scale,scale1.jpeg
117,85,147,31,177,176,124,156,0.5459317585301837,0.4835820895522388,scorpion,scorpion_1.jpeg
